Value,Label,Group,processed_at,record_id
Africa/Abidjan,Abidjan,Africa,2026-03-24 12:34:28,1
Africa/Accra,Accra,Africa,2026-03-24 12:34:28,2
Africa/Addis_Ababa,Addis Ababa,Africa,2026-03-24 12:34:28,3
Africa/Algiers,Algiers,Africa,2026-03-24 12:34:28,4
Africa/Asmara,Asmara,Africa,2026-03-24 12:34:28,5
Africa/Bamako,Bamako,Africa,2026-03-24 12:34:28,6
Africa/Bangui,Bangui,Africa,2026-03-24 12:34:28,7
Africa/Banjul,Banjul,Africa,2026-03-24 12:34:28,8
Africa/Bissau,Bissau,Africa,2026-03-24 12:34:28,9
Africa/Blantyre,Blantyre,Africa,2026-03-24 12:34:28,10
Africa/Brazzaville,Brazzaville,Africa,2026-03-24 12:34:28,11
Africa/Bujumbura,Bujumbura,Africa,2026-03-24 12:34:28,12
Africa/Cairo,Cairo,Africa,2026-03-24 12:34:28,13
Africa/Casablanca,Casablanca,Africa,2026-03-24 12:34:28,14
Africa/Ceuta,Ceuta,Africa,2026-03-24 12:34:28,15
Africa/Conakry,Conakry,Africa,2026-03-24 12:34:28,16
Africa/Dakar,Dakar,Africa,2026-03-24 12:34:28,17
Africa/Dar_es_Salaam,Dar es Salaam,Africa,2026-03-24 12:34:28,18
Africa/Djibouti,Djibouti,Africa,2026-03-24 12:34:28,19
Africa/Douala,Douala,Africa,2026-03-24 12:34:28,20
Africa/El_Aaiun,El Aaiun,Africa,2026-03-24 12:34:28,21
Africa/Freetown,Freetown,Africa,2026-03-24 12:34:28,22
Africa/Gaborone,Gaborone,Africa,2026-03-24 12:34:28,23
Africa/Harare,Harare,Africa,2026-03-24 12:34:28,24
Africa/Johannesburg,Johannesburg,Africa,2026-03-24 12:34:28,25
Africa/Juba,Juba,Africa,2026-03-24 12:34:28,26
Africa/Kampala,Kampala,Africa,2026-03-24 12:34:28,27
Africa/Khartoum,Khartoum,Africa,2026-03-24 12:34:28,28
Africa/Kigali,Kigali,Africa,2026-03-24 12:34:28,29
Africa/Kinshasa,Kinshasa,Africa,2026-03-24 12:34:28,30
Africa/Lagos,Lagos,Africa,2026-03-24 12:34:28,31
Africa/Libreville,Libreville,Africa,2026-03-24 12:34:28,32
Africa/Lome,Lome,Africa,2026-03-24 12:34:28,33
Africa/Luanda,Luanda,Africa,2026-03-24 12:34:28,34
Africa/Lubumbashi,Lubumbashi,Africa,2026-03-24 12:34:28,35
Africa/Lusaka,Lusaka,Africa,2026-03-24 12:34:28,36
Africa/Malabo,Malabo,Africa,2026-03-24 12:34:28,37
Africa/Maputo,Maputo,Africa,2026-03-24 12:34:28,38
Africa/Maseru,Maseru,Africa,2026-03-24 12:34:28,39
Africa/Mbabane,Mbabane,Africa,2026-03-24 12:34:28,40
Africa/Mogadishu,Mogadishu,Africa,2026-03-24 12:34:28,41
Africa/Monrovia,Monrovia,Africa,2026-03-24 12:34:28,42
Africa/Nairobi,Nairobi,Africa,2026-03-24 12:34:28,43
Africa/Ndjamena,Ndjamena,Africa,2026-03-24 12:34:28,44
Africa/Niamey,Niamey,Africa,2026-03-24 12:34:28,45
Africa/Nouakchott,Nouakchott,Africa,2026-03-24 12:34:28,46
Africa/Ouagadougou,Ouagadougou,Africa,2026-03-24 12:34:28,47
Africa/Porto-Novo,Porto-Novo,Africa,2026-03-24 12:34:28,48
Africa/Sao_Tome,Sao Tome,Africa,2026-03-24 12:34:28,49
Africa/Tripoli,Tripoli,Africa,2026-03-24 12:34:28,50
Africa/Tunis,Tunis,Africa,2026-03-24 12:34:28,51
Africa/Windhoek,Windhoek,Africa,2026-03-24 12:34:28,52
America/Adak,Adak,America,2026-03-24 12:34:28,53
America/Anchorage,Anchorage,America,2026-03-24 12:34:28,54
America/Anguilla,Anguilla,America,2026-03-24 12:34:28,55
America/Antigua,Antigua,America,2026-03-24 12:34:28,56
America/Araguaina,Araguaina,America,2026-03-24 12:34:28,57
America/Argentina/Buenos_Aires,Argentina - Buenos Aires,America,2026-03-24 12:34:28,58
America/Argentina/Catamarca,Argentina - Catamarca,America,2026-03-24 12:34:28,59
America/Argentina/Cordoba,Argentina - Cordoba,America,2026-03-24 12:34:28,60
America/Argentina/Jujuy,Argentina - Jujuy,America,2026-03-24 12:34:28,61
America/Argentina/La_Rioja,Argentina - La Rioja,America,2026-03-24 12:34:28,62
America/Argentina/Mendoza,Argentina - Mendoza,America,2026-03-24 12:34:28,63
America/Argentina/Rio_Gallegos,Argentina - Rio Gallegos,America,2026-03-24 12:34:28,64
America/Argentina/Salta,Argentina - Salta,America,2026-03-24 12:34:28,65
America/Argentina/San_Juan,Argentina - San Juan,America,2026-03-24 12:34:28,66
America/Argentina/San_Luis,Argentina - San Luis,America,2026-03-24 12:34:28,67
America/Argentina/Tucuman,Argentina - Tucuman,America,2026-03-24 12:34:28,68
America/Argentina/Ushuaia,Argentina - Ushuaia,America,2026-03-24 12:34:28,69
America/Aruba,Aruba,America,2026-03-24 12:34:28,70
America/Asuncion,Asuncion,America,2026-03-24 12:34:28,71
America/Atikokan,Atikokan,America,2026-03-24 12:34:28,72
America/Bahia,Bahia,America,2026-03-24 12:34:28,73
America/Bahia_Banderas,Bahia Banderas,America,2026-03-24 12:34:28,74
America/Barbados,Barbados,America,2026-03-24 12:34:28,75
America/Belem,Belem,America,2026-03-24 12:34:28,76
America/Belize,Belize,America,2026-03-24 12:34:28,77
America/Blanc-Sablon,Blanc-Sablon,America,2026-03-24 12:34:28,78
America/Boa_Vista,Boa Vista,America,2026-03-24 12:34:28,79
America/Bogota,Bogota,America,2026-03-24 12:34:28,80
America/Boise,Boise,America,2026-03-24 12:34:28,81
America/Cambridge_Bay,Cambridge Bay,America,2026-03-24 12:34:28,82
America/Campo_Grande,Campo Grande,America,2026-03-24 12:34:28,83
America/Cancun,Cancun,America,2026-03-24 12:34:28,84
America/Caracas,Caracas,America,2026-03-24 12:34:28,85
America/Cayenne,Cayenne,America,2026-03-24 12:34:28,86
America/Cayman,Cayman,America,2026-03-24 12:34:28,87
America/Chicago,Chicago,America,2026-03-24 12:34:28,88
America/Chihuahua,Chihuahua,America,2026-03-24 12:34:28,89
America/Costa_Rica,Costa Rica,America,2026-03-24 12:34:28,90
America/Creston,Creston,America,2026-03-24 12:34:28,91
America/Cuiaba,Cuiaba,America,2026-03-24 12:34:28,92
America/Curacao,Curacao,America,2026-03-24 12:34:28,93
America/Danmarkshavn,Danmarkshavn,America,2026-03-24 12:34:28,94
America/Dawson,Dawson,America,2026-03-24 12:34:28,95
America/Dawson_Creek,Dawson Creek,America,2026-03-24 12:34:28,96
America/Denver,Denver,America,2026-03-24 12:34:28,97
America/Detroit,Detroit,America,2026-03-24 12:34:28,98
America/Dominica,Dominica,America,2026-03-24 12:34:28,99
America/Edmonton,Edmonton,America,2026-03-24 12:34:28,100
America/Eirunepe,Eirunepe,America,2026-03-24 12:34:28,101
America/El_Salvador,El Salvador,America,2026-03-24 12:34:28,102
America/Fortaleza,Fortaleza,America,2026-03-24 12:34:28,103
America/Fort_Nelson,Fort Nelson,America,2026-03-24 12:34:28,104
America/Glace_Bay,Glace Bay,America,2026-03-24 12:34:28,105
America/Godthab,Godthab,America,2026-03-24 12:34:28,106
America/Goose_Bay,Goose Bay,America,2026-03-24 12:34:28,107
America/Grand_Turk,Grand Turk,America,2026-03-24 12:34:28,108
America/Grenada,Grenada,America,2026-03-24 12:34:28,109
America/Guadeloupe,Guadeloupe,America,2026-03-24 12:34:28,110
America/Guatemala,Guatemala,America,2026-03-24 12:34:28,111
America/Guayaquil,Guayaquil,America,2026-03-24 12:34:28,112
America/Guyana,Guyana,America,2026-03-24 12:34:28,113
America/Halifax,Halifax,America,2026-03-24 12:34:28,114
America/Havana,Havana,America,2026-03-24 12:34:28,115
America/Hermosillo,Hermosillo,America,2026-03-24 12:34:28,116
America/Indiana/Indianapolis,Indiana - Indianapolis,America,2026-03-24 12:34:28,117
America/Indiana/Knox,Indiana - Knox,America,2026-03-24 12:34:28,118
America/Indiana/Marengo,Indiana - Marengo,America,2026-03-24 12:34:28,119
America/Indiana/Petersburg,Indiana - Petersburg,America,2026-03-24 12:34:28,120
America/Indiana/Tell_City,Indiana - Tell City,America,2026-03-24 12:34:28,121
America/Indiana/Vevay,Indiana - Vevay,America,2026-03-24 12:34:28,122
America/Indiana/Vincennes,Indiana - Vincennes,America,2026-03-24 12:34:28,123
America/Indiana/Winamac,Indiana - Winamac,America,2026-03-24 12:34:28,124
America/Inuvik,Inuvik,America,2026-03-24 12:34:28,125
America/Iqaluit,Iqaluit,America,2026-03-24 12:34:28,126
America/Jamaica,Jamaica,America,2026-03-24 12:34:28,127
America/Juneau,Juneau,America,2026-03-24 12:34:28,128
America/Kentucky/Louisville,Kentucky - Louisville,America,2026-03-24 12:34:28,129
America/Kentucky/Monticello,Kentucky - Monticello,America,2026-03-24 12:34:28,130
America/Kralendijk,Kralendijk,America,2026-03-24 12:34:28,131
America/La_Paz,La Paz,America,2026-03-24 12:34:28,132
America/Lima,Lima,America,2026-03-24 12:34:28,133
America/Los_Angeles,Los Angeles,America,2026-03-24 12:34:28,134
America/Lower_Princes,Lower Princes,America,2026-03-24 12:34:28,135
America/Maceio,Maceio,America,2026-03-24 12:34:28,136
America/Managua,Managua,America,2026-03-24 12:34:28,137
America/Manaus,Manaus,America,2026-03-24 12:34:28,138
America/Marigot,Marigot,America,2026-03-24 12:34:28,139
America/Martinique,Martinique,America,2026-03-24 12:34:28,140
America/Matamoros,Matamoros,America,2026-03-24 12:34:28,141
America/Mazatlan,Mazatlan,America,2026-03-24 12:34:28,142
America/Menominee,Menominee,America,2026-03-24 12:34:28,143
America/Merida,Merida,America,2026-03-24 12:34:28,144
America/Metlakatla,Metlakatla,America,2026-03-24 12:34:28,145
America/Mexico_City,Mexico City,America,2026-03-24 12:34:28,146
America/Miquelon,Miquelon,America,2026-03-24 12:34:28,147
America/Moncton,Moncton,America,2026-03-24 12:34:28,148
America/Monterrey,Monterrey,America,2026-03-24 12:34:28,149
America/Montevideo,Montevideo,America,2026-03-24 12:34:28,150
America/Montserrat,Montserrat,America,2026-03-24 12:34:28,151
America/Nassau,Nassau,America,2026-03-24 12:34:28,152
America/New_York,New York,America,2026-03-24 12:34:28,153
America/Nipigon,Nipigon,America,2026-03-24 12:34:28,154
America/Nome,Nome,America,2026-03-24 12:34:28,155
America/Noronha,Noronha,America,2026-03-24 12:34:28,156
America/North_Dakota/Beulah,North Dakota - Beulah,America,2026-03-24 12:34:28,157
America/North_Dakota/Center,North Dakota - Center,America,2026-03-24 12:34:28,158
America/North_Dakota/New_Salem,North Dakota - New Salem,America,2026-03-24 12:34:28,159
America/Ojinaga,Ojinaga,America,2026-03-24 12:34:28,160
America/Panama,Panama,America,2026-03-24 12:34:28,161
America/Pangnirtung,Pangnirtung,America,2026-03-24 12:34:28,162
America/Paramaribo,Paramaribo,America,2026-03-24 12:34:28,163
America/Phoenix,Phoenix,America,2026-03-24 12:34:28,164
America/Port-au-Prince,Port-au-Prince,America,2026-03-24 12:34:28,165
America/Port_of_Spain,Port of Spain,America,2026-03-24 12:34:28,166
America/Porto_Velho,Porto Velho,America,2026-03-24 12:34:28,167
America/Puerto_Rico,Puerto Rico,America,2026-03-24 12:34:28,168
America/Punta_Arenas,Punta Arenas,America,2026-03-24 12:34:28,169
America/Rainy_River,Rainy River,America,2026-03-24 12:34:28,170
America/Rankin_Inlet,Rankin Inlet,America,2026-03-24 12:34:28,171
America/Recife,Recife,America,2026-03-24 12:34:28,172
America/Regina,Regina,America,2026-03-24 12:34:28,173
America/Resolute,Resolute,America,2026-03-24 12:34:28,174
America/Rio_Branco,Rio Branco,America,2026-03-24 12:34:28,175
America/Santarem,Santarem,America,2026-03-24 12:34:28,176
America/Santiago,Santiago,America,2026-03-24 12:34:28,177
America/Santo_Domingo,Santo Domingo,America,2026-03-24 12:34:28,178
America/Sao_Paulo,Sao Paulo,America,2026-03-24 12:34:28,179
America/Scoresbysund,Scoresbysund,America,2026-03-24 12:34:28,180
America/Sitka,Sitka,America,2026-03-24 12:34:28,181
America/St_Barthelemy,St Barthelemy,America,2026-03-24 12:34:28,182
America/St_Johns,St Johns,America,2026-03-24 12:34:28,183
America/St_Kitts,St Kitts,America,2026-03-24 12:34:28,184
America/St_Lucia,St Lucia,America,2026-03-24 12:34:28,185
America/St_Thomas,St Thomas,America,2026-03-24 12:34:28,186
America/St_Vincent,St Vincent,America,2026-03-24 12:34:28,187
America/Swift_Current,Swift Current,America,2026-03-24 12:34:28,188
America/Tegucigalpa,Tegucigalpa,America,2026-03-24 12:34:28,189
America/Thule,Thule,America,2026-03-24 12:34:28,190
America/Thunder_Bay,Thunder Bay,America,2026-03-24 12:34:28,191
America/Tijuana,Tijuana,America,2026-03-24 12:34:28,192
America/Toronto,Toronto,America,2026-03-24 12:34:28,193
America/Tortola,Tortola,America,2026-03-24 12:34:28,194
America/Vancouver,Vancouver,America,2026-03-24 12:34:28,195
America/Whitehorse,Whitehorse,America,2026-03-24 12:34:28,196
America/Winnipeg,Winnipeg,America,2026-03-24 12:34:28,197
America/Yakutat,Yakutat,America,2026-03-24 12:34:28,198
America/Yellowknife,Yellowknife,America,2026-03-24 12:34:28,199
Antarctica/Casey,Casey,Antarctica,2026-03-24 12:34:28,200
Antarctica/Davis,Davis,Antarctica,2026-03-24 12:34:28,201
Antarctica/DumontDUrville,DumontDUrville,Antarctica,2026-03-24 12:34:28,202
Antarctica/Macquarie,Macquarie,Antarctica,2026-03-24 12:34:28,203
Antarctica/Mawson,Mawson,Antarctica,2026-03-24 12:34:28,204
Antarctica/McMurdo,McMurdo,Antarctica,2026-03-24 12:34:28,205
Antarctica/Palmer,Palmer,Antarctica,2026-03-24 12:34:28,206
Antarctica/Rothera,Rothera,Antarctica,2026-03-24 12:34:28,207
Antarctica/Syowa,Syowa,Antarctica,2026-03-24 12:34:28,208
Antarctica/Troll,Troll,Antarctica,2026-03-24 12:34:28,209
Antarctica/Vostok,Vostok,Antarctica,2026-03-24 12:34:28,210
Arctic/Longyearbyen,Longyearbyen,Arctic,2026-03-24 12:34:28,211
Asia/Aden,Aden,Asia,2026-03-24 12:34:28,212
Asia/Almaty,Almaty,Asia,2026-03-24 12:34:28,213
Asia/Amman,Amman,Asia,2026-03-24 12:34:28,214
Asia/Anadyr,Anadyr,Asia,2026-03-24 12:34:28,215
Asia/Aqtau,Aqtau,Asia,2026-03-24 12:34:28,216
Asia/Aqtobe,Aqtobe,Asia,2026-03-24 12:34:28,217
Asia/Ashgabat,Ashgabat,Asia,2026-03-24 12:34:28,218
Asia/Atyrau,Atyrau,Asia,2026-03-24 12:34:28,219
Asia/Baghdad,Baghdad,Asia,2026-03-24 12:34:28,220
Asia/Bahrain,Bahrain,Asia,2026-03-24 12:34:28,221
Asia/Baku,Baku,Asia,2026-03-24 12:34:28,222
Asia/Bangkok,Bangkok,Asia,2026-03-24 12:34:28,223
Asia/Barnaul,Barnaul,Asia,2026-03-24 12:34:28,224
Asia/Beirut,Beirut,Asia,2026-03-24 12:34:28,225
Asia/Bishkek,Bishkek,Asia,2026-03-24 12:34:28,226
Asia/Brunei,Brunei,Asia,2026-03-24 12:34:28,227
Asia/Chita,Chita,Asia,2026-03-24 12:34:28,228
Asia/Choibalsan,Choibalsan,Asia,2026-03-24 12:34:28,229
Asia/Colombo,Colombo,Asia,2026-03-24 12:34:28,230
Asia/Damascus,Damascus,Asia,2026-03-24 12:34:28,231
Asia/Dhaka,Dhaka,Asia,2026-03-24 12:34:28,232
Asia/Dili,Dili,Asia,2026-03-24 12:34:28,233
Asia/Dubai,Dubai,Asia,2026-03-24 12:34:28,234
Asia/Dushanbe,Dushanbe,Asia,2026-03-24 12:34:28,235
Asia/Famagusta,Famagusta,Asia,2026-03-24 12:34:28,236
Asia/Gaza,Gaza,Asia,2026-03-24 12:34:28,237
Asia/Hebron,Hebron,Asia,2026-03-24 12:34:28,238
Asia/Ho_Chi_Minh,Ho Chi Minh,Asia,2026-03-24 12:34:28,239
Asia/Hong_Kong,Hong Kong,Asia,2026-03-24 12:34:28,240
Asia/Hovd,Hovd,Asia,2026-03-24 12:34:28,241
Asia/Irkutsk,Irkutsk,Asia,2026-03-24 12:34:28,242
Asia/Jakarta,Jakarta,Asia,2026-03-24 12:34:28,243
Asia/Jayapura,Jayapura,Asia,2026-03-24 12:34:28,244
Asia/Jerusalem,Jerusalem,Asia,2026-03-24 12:34:28,245
Asia/Kabul,Kabul,Asia,2026-03-24 12:34:28,246
Asia/Kamchatka,Kamchatka,Asia,2026-03-24 12:34:28,247
Asia/Karachi,Karachi,Asia,2026-03-24 12:34:28,248
Asia/Kathmandu,Kathmandu,Asia,2026-03-24 12:34:28,249
Asia/Khandyga,Khandyga,Asia,2026-03-24 12:34:28,250
Asia/Kolkata,Kolkata,Asia,2026-03-24 12:34:28,251
Asia/Krasnoyarsk,Krasnoyarsk,Asia,2026-03-24 12:34:28,252
Asia/Kuala_Lumpur,Kuala Lumpur,Asia,2026-03-24 12:34:28,253
Asia/Kuching,Kuching,Asia,2026-03-24 12:34:28,254
Asia/Kuwait,Kuwait,Asia,2026-03-24 12:34:28,255
Asia/Macau,Macau,Asia,2026-03-24 12:34:28,256
Asia/Magadan,Magadan,Asia,2026-03-24 12:34:28,257
Asia/Makassar,Makassar,Asia,2026-03-24 12:34:28,258
Asia/Manila,Manila,Asia,2026-03-24 12:34:28,259
Asia/Muscat,Muscat,Asia,2026-03-24 12:34:28,260
Asia/Nicosia,Nicosia,Asia,2026-03-24 12:34:28,261
Asia/Novokuznetsk,Novokuznetsk,Asia,2026-03-24 12:34:28,262
Asia/Novosibirsk,Novosibirsk,Asia,2026-03-24 12:34:28,263
Asia/Omsk,Omsk,Asia,2026-03-24 12:34:28,264
Asia/Oral,Oral,Asia,2026-03-24 12:34:28,265
Asia/Phnom_Penh,Phnom Penh,Asia,2026-03-24 12:34:28,266
Asia/Pontianak,Pontianak,Asia,2026-03-24 12:34:28,267
Asia/Pyongyang,Pyongyang,Asia,2026-03-24 12:34:28,268
Asia/Qatar,Qatar,Asia,2026-03-24 12:34:28,269
Asia/Qostanay,Qostanay,Asia,2026-03-24 12:34:28,270
Asia/Qyzylorda,Qyzylorda,Asia,2026-03-24 12:34:28,271
Asia/Riyadh,Riyadh,Asia,2026-03-24 12:34:28,272
Asia/Sakhalin,Sakhalin,Asia,2026-03-24 12:34:28,273
Asia/Samarkand,Samarkand,Asia,2026-03-24 12:34:28,274
Asia/Seoul,Seoul,Asia,2026-03-24 12:34:28,275
Asia/Shanghai,Shanghai,Asia,2026-03-24 12:34:28,276
Asia/Singapore,Singapore,Asia,2026-03-24 12:34:28,277
Asia/Srednekolymsk,Srednekolymsk,Asia,2026-03-24 12:34:28,278
Asia/Taipei,Taipei,Asia,2026-03-24 12:34:28,279
Asia/Tashkent,Tashkent,Asia,2026-03-24 12:34:28,280
Asia/Tbilisi,Tbilisi,Asia,2026-03-24 12:34:28,281
Asia/Tehran,Tehran,Asia,2026-03-24 12:34:28,282
Asia/Thimphu,Thimphu,Asia,2026-03-24 12:34:28,283
Asia/Tokyo,Tokyo,Asia,2026-03-24 12:34:28,284
Asia/Tomsk,Tomsk,Asia,2026-03-24 12:34:28,285
Asia/Ulaanbaatar,Ulaanbaatar,Asia,2026-03-24 12:34:28,286
Asia/Urumqi,Urumqi,Asia,2026-03-24 12:34:28,287
Asia/Ust-Nera,Ust-Nera,Asia,2026-03-24 12:34:28,288
Asia/Vientiane,Vientiane,Asia,2026-03-24 12:34:28,289
Asia/Vladivostok,Vladivostok,Asia,2026-03-24 12:34:28,290
Asia/Yakutsk,Yakutsk,Asia,2026-03-24 12:34:28,291
Asia/Yangon,Yangon,Asia,2026-03-24 12:34:28,292
Asia/Yekaterinburg,Yekaterinburg,Asia,2026-03-24 12:34:28,293
Asia/Yerevan,Yerevan,Asia,2026-03-24 12:34:28,294
Atlantic/Azores,Azores,Atlantic,2026-03-24 12:34:28,295
Atlantic/Bermuda,Bermuda,Atlantic,2026-03-24 12:34:28,296
Atlantic/Canary,Canary,Atlantic,2026-03-24 12:34:28,297
Atlantic/Cape_Verde,Cape Verde,Atlantic,2026-03-24 12:34:28,298
Atlantic/Faroe,Faroe,Atlantic,2026-03-24 12:34:28,299
Atlantic/Madeira,Madeira,Atlantic,2026-03-24 12:34:28,300
Atlantic/Reykjavik,Reykjavik,Atlantic,2026-03-24 12:34:28,301
Atlantic/South_Georgia,South Georgia,Atlantic,2026-03-24 12:34:28,302
Atlantic/Stanley,Stanley,Atlantic,2026-03-24 12:34:28,303
Atlantic/St_Helena,St Helena,Atlantic,2026-03-24 12:34:28,304
Australia/Adelaide,Adelaide,Australia,2026-03-24 12:34:28,305
Australia/Brisbane,Brisbane,Australia,2026-03-24 12:34:28,306
Australia/Broken_Hill,Broken Hill,Australia,2026-03-24 12:34:28,307
Australia/Currie,Currie,Australia,2026-03-24 12:34:28,308
Australia/Darwin,Darwin,Australia,2026-03-24 12:34:28,309
Australia/Eucla,Eucla,Australia,2026-03-24 12:34:28,310
Australia/Hobart,Hobart,Australia,2026-03-24 12:34:28,311
Australia/Lindeman,Lindeman,Australia,2026-03-24 12:34:28,312
Australia/Lord_Howe,Lord Howe,Australia,2026-03-24 12:34:28,313
Australia/Melbourne,Melbourne,Australia,2026-03-24 12:34:28,314
Australia/Perth,Perth,Australia,2026-03-24 12:34:28,315
Australia/Sydney,Sydney,Australia,2026-03-24 12:34:28,316
Europe/Amsterdam,Amsterdam,Europe,2026-03-24 12:34:28,317
Europe/Andorra,Andorra,Europe,2026-03-24 12:34:28,318
Europe/Astrakhan,Astrakhan,Europe,2026-03-24 12:34:28,319
Europe/Athens,Athens,Europe,2026-03-24 12:34:28,320
Europe/Belgrade,Belgrade,Europe,2026-03-24 12:34:28,321
Europe/Berlin,Berlin,Europe,2026-03-24 12:34:28,322
Europe/Bratislava,Bratislava,Europe,2026-03-24 12:34:28,323
Europe/Brussels,Brussels,Europe,2026-03-24 12:34:28,324
Europe/Bucharest,Bucharest,Europe,2026-03-24 12:34:28,325
Europe/Budapest,Budapest,Europe,2026-03-24 12:34:28,326
Europe/Busingen,Busingen,Europe,2026-03-24 12:34:28,327
Europe/Chisinau,Chisinau,Europe,2026-03-24 12:34:28,328
Europe/Copenhagen,Copenhagen,Europe,2026-03-24 12:34:28,329
Europe/Dublin,Dublin,Europe,2026-03-24 12:34:28,330
Europe/Gibraltar,Gibraltar,Europe,2026-03-24 12:34:28,331
Europe/Guernsey,Guernsey,Europe,2026-03-24 12:34:28,332
Europe/Helsinki,Helsinki,Europe,2026-03-24 12:34:28,333
Europe/Isle_of_Man,Isle of Man,Europe,2026-03-24 12:34:28,334
Europe/Istanbul,Istanbul,Europe,2026-03-24 12:34:28,335
Europe/Jersey,Jersey,Europe,2026-03-24 12:34:28,336
Europe/Kaliningrad,Kaliningrad,Europe,2026-03-24 12:34:28,337
Europe/Kiev,Kiev,Europe,2026-03-24 12:34:28,338
Europe/Kirov,Kirov,Europe,2026-03-24 12:34:28,339
Europe/Lisbon,Lisbon,Europe,2026-03-24 12:34:28,340
Europe/Ljubljana,Ljubljana,Europe,2026-03-24 12:34:28,341
Europe/London,London,Europe,2026-03-24 12:34:28,342
Europe/Luxembourg,Luxembourg,Europe,2026-03-24 12:34:28,343
Europe/Madrid,Madrid,Europe,2026-03-24 12:34:28,344
Europe/Malta,Malta,Europe,2026-03-24 12:34:28,345
Europe/Mariehamn,Mariehamn,Europe,2026-03-24 12:34:28,346
Europe/Minsk,Minsk,Europe,2026-03-24 12:34:28,347
Europe/Monaco,Monaco,Europe,2026-03-24 12:34:28,348
Europe/Moscow,Moscow,Europe,2026-03-24 12:34:28,349
Europe/Oslo,Oslo,Europe,2026-03-24 12:34:28,350
Europe/Paris,Paris,Europe,2026-03-24 12:34:28,351
Europe/Podgorica,Podgorica,Europe,2026-03-24 12:34:28,352
Europe/Prague,Prague,Europe,2026-03-24 12:34:28,353
Europe/Riga,Riga,Europe,2026-03-24 12:34:28,354
Europe/Rome,Rome,Europe,2026-03-24 12:34:28,355
Europe/Samara,Samara,Europe,2026-03-24 12:34:28,356
Europe/San_Marino,San Marino,Europe,2026-03-24 12:34:28,357
Europe/Sarajevo,Sarajevo,Europe,2026-03-24 12:34:28,358
Europe/Saratov,Saratov,Europe,2026-03-24 12:34:28,359
Europe/Simferopol,Simferopol,Europe,2026-03-24 12:34:28,360
Europe/Skopje,Skopje,Europe,2026-03-24 12:34:28,361
Europe/Sofia,Sofia,Europe,2026-03-24 12:34:28,362
Europe/Stockholm,Stockholm,Europe,2026-03-24 12:34:28,363
Europe/Tallinn,Tallinn,Europe,2026-03-24 12:34:28,364
Europe/Tirane,Tirane,Europe,2026-03-24 12:34:28,365
Europe/Ulyanovsk,Ulyanovsk,Europe,2026-03-24 12:34:28,366
Europe/Uzhgorod,Uzhgorod,Europe,2026-03-24 12:34:28,367
Europe/Vaduz,Vaduz,Europe,2026-03-24 12:34:28,368
Europe/Vatican,Vatican,Europe,2026-03-24 12:34:28,369
Europe/Vienna,Vienna,Europe,2026-03-24 12:34:28,370
Europe/Vilnius,Vilnius,Europe,2026-03-24 12:34:28,371
Europe/Volgograd,Volgograd,Europe,2026-03-24 12:34:28,372
Europe/Warsaw,Warsaw,Europe,2026-03-24 12:34:28,373
Europe/Zagreb,Zagreb,Europe,2026-03-24 12:34:28,374
Europe/Zaporozhye,Zaporozhye,Europe,2026-03-24 12:34:28,375
Europe/Zurich,Zurich,Europe,2026-03-24 12:34:28,376
Indian/Antananarivo,Antananarivo,Indian,2026-03-24 12:34:28,377
Indian/Chagos,Chagos,Indian,2026-03-24 12:34:28,378
Indian/Christmas,Christmas,Indian,2026-03-24 12:34:28,379
Indian/Cocos,Cocos,Indian,2026-03-24 12:34:28,380
Indian/Comoro,Comoro,Indian,2026-03-24 12:34:28,381
Indian/Kerguelen,Kerguelen,Indian,2026-03-24 12:34:28,382
Indian/Mahe,Mahe,Indian,2026-03-24 12:34:28,383
Indian/Maldives,Maldives,Indian,2026-03-24 12:34:28,384
Indian/Mauritius,Mauritius,Indian,2026-03-24 12:34:28,385
Indian/Mayotte,Mayotte,Indian,2026-03-24 12:34:28,386
Indian/Reunion,Reunion,Indian,2026-03-24 12:34:28,387
Pacific/Apia,Apia,Pacific,2026-03-24 12:34:28,388
Pacific/Auckland,Auckland,Pacific,2026-03-24 12:34:28,389
Pacific/Bougainville,Bougainville,Pacific,2026-03-24 12:34:28,390
Pacific/Chatham,Chatham,Pacific,2026-03-24 12:34:28,391
Pacific/Chuuk,Chuuk,Pacific,2026-03-24 12:34:28,392
Pacific/Easter,Easter,Pacific,2026-03-24 12:34:28,393
Pacific/Efate,Efate,Pacific,2026-03-24 12:34:28,394
Pacific/Enderbury,Enderbury,Pacific,2026-03-24 12:34:28,395
Pacific/Fakaofo,Fakaofo,Pacific,2026-03-24 12:34:28,396
Pacific/Fiji,Fiji,Pacific,2026-03-24 12:34:28,397
Pacific/Funafuti,Funafuti,Pacific,2026-03-24 12:34:28,398
Pacific/Galapagos,Galapagos,Pacific,2026-03-24 12:34:28,399
Pacific/Gambier,Gambier,Pacific,2026-03-24 12:34:28,400
Pacific/Guadalcanal,Guadalcanal,Pacific,2026-03-24 12:34:28,401
Pacific/Guam,Guam,Pacific,2026-03-24 12:34:28,402
Pacific/Honolulu,Honolulu,Pacific,2026-03-24 12:34:28,403
Pacific/Kiritimati,Kiritimati,Pacific,2026-03-24 12:34:28,404
Pacific/Kosrae,Kosrae,Pacific,2026-03-24 12:34:28,405
Pacific/Kwajalein,Kwajalein,Pacific,2026-03-24 12:34:28,406
Pacific/Majuro,Majuro,Pacific,2026-03-24 12:34:28,407
Pacific/Marquesas,Marquesas,Pacific,2026-03-24 12:34:28,408
Pacific/Midway,Midway,Pacific,2026-03-24 12:34:28,409
Pacific/Nauru,Nauru,Pacific,2026-03-24 12:34:28,410
Pacific/Niue,Niue,Pacific,2026-03-24 12:34:28,411
Pacific/Norfolk,Norfolk,Pacific,2026-03-24 12:34:28,412
Pacific/Noumea,Noumea,Pacific,2026-03-24 12:34:28,413
Pacific/Pago_Pago,Pago Pago,Pacific,2026-03-24 12:34:28,414
Pacific/Palau,Palau,Pacific,2026-03-24 12:34:28,415
Pacific/Pitcairn,Pitcairn,Pacific,2026-03-24 12:34:28,416
Pacific/Pohnpei,Pohnpei,Pacific,2026-03-24 12:34:28,417
Pacific/Port_Moresby,Port Moresby,Pacific,2026-03-24 12:34:28,418
Pacific/Rarotonga,Rarotonga,Pacific,2026-03-24 12:34:28,419
Pacific/Saipan,Saipan,Pacific,2026-03-24 12:34:28,420
Pacific/Tahiti,Tahiti,Pacific,2026-03-24 12:34:28,421
Pacific/Tarawa,Tarawa,Pacific,2026-03-24 12:34:28,422
Pacific/Tongatapu,Tongatapu,Pacific,2026-03-24 12:34:28,423
Pacific/Wake,Wake,Pacific,2026-03-24 12:34:28,424
Pacific/Wallis,Wallis,Pacific,2026-03-24 12:34:28,425
UTC,UTC,UTC,2026-03-24 12:34:28,426
UTC-12,UTC-12,Manual Offsets,2026-03-24 12:34:28,427
UTC-11.5,UTC-11:30,Manual Offsets,2026-03-24 12:34:28,428
UTC-11,UTC-11,Manual Offsets,2026-03-24 12:34:28,429
UTC-10.5,UTC-10:30,Manual Offsets,2026-03-24 12:34:28,430
UTC-10,UTC-10,Manual Offsets,2026-03-24 12:34:28,431
UTC-9.5,UTC-9:30,Manual Offsets,2026-03-24 12:34:28,432
UTC-9,UTC-9,Manual Offsets,2026-03-24 12:34:28,433
UTC-8.5,UTC-8:30,Manual Offsets,2026-03-24 12:34:28,434
UTC-8,UTC-8,Manual Offsets,2026-03-24 12:34:28,435
UTC-7.5,UTC-7:30,Manual Offsets,2026-03-24 12:34:28,436
UTC-7,UTC-7,Manual Offsets,2026-03-24 12:34:28,437
UTC-6.5,UTC-6:30,Manual Offsets,2026-03-24 12:34:28,438
UTC-6,UTC-6,Manual Offsets,2026-03-24 12:34:28,439
UTC-5.5,UTC-5:30,Manual Offsets,2026-03-24 12:34:28,440
UTC-5,UTC-5,Manual Offsets,2026-03-24 12:34:28,441
UTC-4.5,UTC-4:30,Manual Offsets,2026-03-24 12:34:28,442
UTC-4,UTC-4,Manual Offsets,2026-03-24 12:34:28,443
UTC-3.5,UTC-3:30,Manual Offsets,2026-03-24 12:34:28,444
UTC-3,UTC-3,Manual Offsets,2026-03-24 12:34:28,445
UTC-2.5,UTC-2:30,Manual Offsets,2026-03-24 12:34:28,446
UTC-2,UTC-2,Manual Offsets,2026-03-24 12:34:28,447
UTC-1.5,UTC-1:30,Manual Offsets,2026-03-24 12:34:28,448
UTC-1,UTC-1,Manual Offsets,2026-03-24 12:34:28,449
UTC-0.5,UTC-0:30,Manual Offsets,2026-03-24 12:34:28,450
UTC+0,UTC+0,Manual Offsets,2026-03-24 12:34:28,451
UTC+0.5,UTC+0:30,Manual Offsets,2026-03-24 12:34:28,452
UTC+1,UTC+1,Manual Offsets,2026-03-24 12:34:28,453
UTC+1.5,UTC+1:30,Manual Offsets,2026-03-24 12:34:28,454
UTC+2,UTC+2,Manual Offsets,2026-03-24 12:34:28,455
UTC+2.5,UTC+2:30,Manual Offsets,2026-03-24 12:34:28,456
UTC+3,UTC+3,Manual Offsets,2026-03-24 12:34:28,457
UTC+3.5,UTC+3:30,Manual Offsets,2026-03-24 12:34:28,458
UTC+4,UTC+4,Manual Offsets,2026-03-24 12:34:28,459
UTC+4.5,UTC+4:30,Manual Offsets,2026-03-24 12:34:28,460
UTC+5,UTC+5,Manual Offsets,2026-03-24 12:34:28,461
UTC+5.5,UTC+5:30,Manual Offsets,2026-03-24 12:34:28,462
UTC+5.75,UTC+5:45,Manual Offsets,2026-03-24 12:34:28,463
UTC+6,UTC+6,Manual Offsets,2026-03-24 12:34:28,464
UTC+6.5,UTC+6:30,Manual Offsets,2026-03-24 12:34:28,465
UTC+7,UTC+7,Manual Offsets,2026-03-24 12:34:28,466
UTC+7.5,UTC+7:30,Manual Offsets,2026-03-24 12:34:28,467
UTC+8,UTC+8,Manual Offsets,2026-03-24 12:34:28,468
UTC+8.5,UTC+8:30,Manual Offsets,2026-03-24 12:34:28,469
UTC+8.75,UTC+8:45,Manual Offsets,2026-03-24 12:34:28,470
UTC+9,UTC+9,Manual Offsets,2026-03-24 12:34:28,471
UTC+9.5,UTC+9:30,Manual Offsets,2026-03-24 12:34:28,472
UTC+10,UTC+10,Manual Offsets,2026-03-24 12:34:28,473
UTC+10.5,UTC+10:30,Manual Offsets,2026-03-24 12:34:28,474
UTC+11,UTC+11,Manual Offsets,2026-03-24 12:34:28,475
UTC+11.5,UTC+11:30,Manual Offsets,2026-03-24 12:34:28,476
UTC+12,UTC+12,Manual Offsets,2026-03-24 12:34:28,477
UTC+12.75,UTC+12:45,Manual Offsets,2026-03-24 12:34:28,478
UTC+13,UTC+13,Manual Offsets,2026-03-24 12:34:28,479
UTC+13.75,UTC+13:45,Manual Offsets,2026-03-24 12:34:28,480
UTC+14,UTC+14,Manual Offsets,2026-03-24 12:34:28,481
